{"cameraMode":{"drawMode":0,"name":"Shaded","section":"Shading Mode"},"sceneLighting":true,"audioPlay":false,"sceneViewState":{"showFog":true,"showMaterialUpdate":false,"showSkybox":true,"showFlares":true,"showImageEffects":true,"showParticleSystems":true},"in2DMode":false,"pivot":{"x":6.974710464477539,"y":1.5992740392684937,"z":-3.3034145832061769},"rotation":{"x":0.014677138067781926,"y":-0.9853765368461609,"z":0.1251428872346878,"w":0.116398386657238},"size":1.625441312789917,"orthographic":false}