{"cameraMode":{"drawMode":0,"name":"Shaded","section":"Shading Mode"},"sceneLighting":true,"audioPlay":false,"sceneViewState":{"showFog":true,"showMaterialUpdate":false,"showSkybox":true,"showFlares":true,"showImageEffects":true,"showParticleSystems":true},"in2DMode":false,"pivot":{"x":2.525204658508301,"y":-1.897201418876648,"z":5.855457782745361},"rotation":{"x":-0.16197632253170014,"y":-0.4654926359653473,"z":0.08687423914670944,"w":-0.8660170435905457},"size":10.293966293334961,"orthographic":false}