{"cameraMode":{"drawMode":0,"name":"Shaded","section":"Shading Mode"},"sceneLighting":false,"audioPlay":false,"sceneViewState":{"showFog":false,"showMaterialUpdate":false,"showSkybox":false,"showFlares":false,"showImageEffects":false,"showParticleSystems":false},"in2DMode":false,"pivot":{"x":-46.30000305175781,"y":6.363303184509277,"z":63.69999694824219},"rotation":{"x":-0.19833680987358094,"y":-0.037629470229148868,"z":0.007619919721037149,"w":-0.979383647441864},"size":413.0341491699219,"orthographic":false}