{"cameraMode":{"drawMode":0,"name":"Shaded","section":"Shading Mode"},"sceneLighting":false,"audioPlay":false,"sceneViewState":{"showFog":false,"showMaterialUpdate":false,"showSkybox":false,"showFlares":false,"showImageEffects":false,"showParticleSystems":false},"in2DMode":false,"pivot":{"x":1.6344470977783204,"y":6.29334831237793,"z":-0.8157358169555664},"rotation":{"x":0.20581665635108949,"y":0.7763826847076416,"z":-0.3166997730731964,"w":0.5045686960220337},"size":23.32087516784668,"orthographic":false}