{"cameraMode":{"drawMode":0,"name":"Shaded","section":"Shading Mode"},"sceneLighting":false,"audioPlay":false,"sceneViewState":{"showFog":false,"showMaterialUpdate":false,"showSkybox":false,"showFlares":false,"showImageEffects":false,"showParticleSystems":false},"in2DMode":false,"pivot":{"x":-46.30000305175781,"y":6.363303184509277,"z":63.69999694824219},"rotation":{"x":-0.21085061132907868,"y":-0.08726023882627487,"z":0.018900534138083459,"w":-0.9734338521957398},"size":413.0341491699219,"orthographic":false}