{"cameraMode":{"drawMode":0,"name":"Shaded","section":"Shading Mode"},"sceneLighting":false,"audioPlay":false,"sceneViewState":{"showFog":false,"showMaterialUpdate":false,"showSkybox":false,"showFlares":false,"showImageEffects":false,"showParticleSystems":false},"in2DMode":false,"pivot":{"x":-7.370306968688965,"y":1.2092113494873047,"z":-0.9261412620544434},"rotation":{"x":0.1972895860671997,"y":0.7801118493080139,"z":-0.5120109915733337,"w":0.30060896277427676},"size":23.32087516784668,"orthographic":false}