{"cameraMode":{"drawMode":0,"name":"Shaded","section":"Shading Mode"},"sceneLighting":false,"audioPlay":false,"sceneViewState":{"showFog":false,"showMaterialUpdate":false,"showSkybox":false,"showFlares":false,"showImageEffects":false,"showParticleSystems":false},"in2DMode":false,"pivot":{"x":3.0700604915618898,"y":-1.6203906536102296,"z":-0.9878427982330322},"rotation":{"x":-0.3213675320148468,"y":0.2841634750366211,"z":-0.10172824561595917,"w":-0.8975934386253357},"size":6.06337833404541,"orthographic":false}