{"cameraMode":{"drawMode":0,"name":"Shaded","section":"Shading Mode"},"sceneLighting":false,"audioPlay":false,"sceneViewState":{"showFog":false,"showMaterialUpdate":false,"showSkybox":false,"showFlares":false,"showImageEffects":false,"showParticleSystems":false},"in2DMode":false,"pivot":{"x":13.794571876525879,"y":-8.516168594360352,"z":1.916208267211914},"rotation":{"x":0.23074425756931306,"y":0.6115090250968933,"z":-0.1927935928106308,"w":0.7319346070289612},"size":23.542463302612306,"orthographic":false}