{"cameraMode":{"drawMode":0,"name":"Shaded","section":"Shading Mode"},"sceneLighting":false,"audioPlay":false,"sceneViewState":{"showFog":false,"showMaterialUpdate":false,"showSkybox":false,"showFlares":false,"showImageEffects":false,"showParticleSystems":false},"in2DMode":false,"pivot":{"x":-30.583145141601564,"y":35.20893859863281,"z":21.259754180908204},"rotation":{"x":-0.21085061132907868,"y":-0.08726023882627487,"z":0.018900534138083459,"w":-0.9734338521957398},"size":304.96514892578127,"orthographic":false}